﻿{	"Title_Graph": "Graph Title",	"Version_OBJ_Series": 1,	"Nb_Series": 2,	"Nb_Axes": 10,	"Value_Max": 1000,	"Scale_Unit": "thousand Euros",	"Name_Axes": [		"Axis 1",		"Axis 2",		"Axis 3",		"Axis 4",		"Axis 5",		"Axis 6",		"Axis 7",		"Axis 8",		"Axis 9",		"Axis 10"	],	"Name_Series": [		"Serie name 1",		"Serie name 2"	],	"Serie_1": [		995,		905,		29,		198,		914,		714,		315,		731,		602,		575	],	"Serie_2": [		232,		685,		378,		572,		765,		953,		935,		934,		777,		639	]}