﻿{	"Title_Graph": "Sales per Region 2015/2016",	"Version_OBJ_Series": 1,	"Nb_Series": 6,	"Nb_Axes": 6,	"Value_Max": 1000,	"Scale_Unit": "Thousand US dollars",       "Name_Axes": [		"Region 1",		"Region 2",		"Region 3",		"Region 4",		"Region 5",		"Region 6"	],	"Name_Series": [		"Sales_2015_Q1",		"Sales_2015_Q2",		"Sales_2015_Q3",		"Sales_2015_Q4",		"Sales_2016_Q1",		"Sales_2016_Q2"	],	"Serie_1": [		140,		123,		161,		145,		194,		151	],	"Serie_2": [		287,		258,		416,		273,		354,		288	],	"Serie_3": [		294,		332,		311,		350,		321,		398	],	"Serie_4": [		394,		455,		466,		444,		540,		465	],	"Serie_5": [		513,		592,		977,		542,		644,		572	],	"Serie_6": [		593,		644,		693,		610,		828,		604	]}