﻿{	"Title_Graph": "3 Mobile Phones 2017",	"Version_OBJ_Series": 1,	"Nb_Series": 3,	"Nb_Axes": 8,	"Value_Max": 1000,	"Scale_Unit": "rate Per Mille",	"Name_Axes": [		"price",		"processor",		"weight",		"screen",		"camera",		"battery life",		"water-resistance",		"5G Ready"	],	"Name_Series": [		"SameSong",		"Peer",		"MicSoft"	],	"Serie_1": [		640,		606,		506,		649,		720,		482,		533,		false	],	"Serie_2": [		720,		749,		492,		481,		424,		881,		594,		false	],	"Serie_3": [		890,		806,		696,		849,		620,		682,		833,		true	]}