﻿<?xml version="1.0" encoding="UTF-8"?><!DOCTYPE base SYSTEM "http://www.4d.com/dtd/2007/base.dtd" ><base name="tags" uuid="C97C606FBF71426DB2E82CDD65DCA39E" collation_locale="ja"><schema name="DEFAULT_SCHEMA"/><table name="Product" uuid="E50A415E17B34993B72FAB7BDD667B74" id="1"><field name="id" uuid="B14CB371E2794147A8369DE87707A163" type="4" unique="true" autosequence="true" never_null="true" id="1"><index_ref uuid="48548E3A70F14B28B9C191FE886571B9"/></field><field name="name" uuid="28D67915027D4D90826FDCAF961F5B3C" type="10" limiting_length="255" never_null="true" id="2"/><field name="price" uuid="542A5304E562494084F28DDE771E7AB4" type="6" never_null="true" id="3"/><field name="icon" uuid="3A809CDEAC584FA4A8CD6809BF1FD10B" type="12" blob_switch_size="2147483647" never_null="true" id="4"/><primary_key field_name="id" field_uuid="B14CB371E2794147A8369DE87707A163"/><table_extra><editor_table_info displayable_fields_count="6"><color red="237" green="211" blue="181" alpha="255"/><coordinates left="0" top="0" width="120" height="167.33203125"/></editor_table_info></table_extra></table><index kind="regular" unique_keys="true" uuid="48548E3A70F14B28B9C191FE886571B9" type="7"><field_ref uuid="B14CB371E2794147A8369DE87707A163" name="id"><table_ref uuid="E50A415E17B34993B72FAB7BDD667B74" name="Product"/></field_ref></index><base_extra __stringCompHash="icu:4.8.0" __keywordBuildingHash="mecab:0.996;sys.dic:102;" package_name="tags" structure_file_name="tags" data_file_path=":tags.4DD" source_code_stamp="755"><journal_file journal_file_enabled="false"/></base_extra></base>